{"cameraMode":{"drawMode":0,"name":"Shaded","section":"Shading Mode"},"sceneLighting":true,"audioPlay":false,"sceneViewState":{"showFog":true,"showMaterialUpdate":false,"showSkybox":true,"showFlares":true,"showImageEffects":true,"showParticleSystems":true},"in2DMode":false,"pivot":{"x":-0.1444091796875,"y":6.767812728881836,"z":2.128164291381836},"rotation":{"x":0.19119280576705934,"y":-0.8083311319351196,"z":0.37797975540161135,"w":0.40887337923049929},"size":7.714203834533691,"orthographic":true}