{"cameraMode":{"drawMode":0,"name":"Shaded","section":"Shading Mode"},"sceneLighting":true,"audioPlay":false,"sceneViewState":{"showFog":true,"showMaterialUpdate":false,"showSkybox":true,"showFlares":true,"showImageEffects":true,"showParticleSystems":true},"in2DMode":false,"pivot":{"x":-0.09477446973323822,"y":-1.87890625,"z":-0.16870693862438203},"rotation":{"x":0.47590208053588869,"y":0.12840741872787476,"z":-0.07046522945165634,"w":0.8672158718109131},"size":28.311725616455079,"orthographic":true}