{"cameraMode":{"drawMode":0,"name":"Shaded","section":"Shading Mode"},"sceneLighting":true,"audioPlay":false,"sceneViewState":{"showFog":true,"showMaterialUpdate":false,"showSkybox":true,"showFlares":true,"showImageEffects":true,"showParticleSystems":true},"in2DMode":false,"pivot":{"x":-0.09477446973323822,"y":-1.87890625,"z":-0.16870693862438203},"rotation":{"x":0.5124734044075012,"y":-0.15655282139778138,"z":0.095639668405056,"w":0.8388774394989014},"size":28.311725616455079,"orthographic":true}